SPY_Strike,SPX_Strike,SPY_Bid,SPY_Ask,SPY_Mid,SPY_Spread,SPX_Bid,SPX_Ask,SPX_Mid,SPX_Spread,Expected_SPX,Discrepancy_$,Discrepancy_%,Strategy,Gross_Profit,Commissions,Fees,Slippage,Total_Costs,Net_Profit,Profitable?
595,5950,$5.99,$6.01,6.0,0.019999999999999574,$65.55,$65.95,65.75,0.4000000000000057,60.0,5.75,9.583333333333334,"Sell 1 SPX, Buy 10 SPY",5.450000000000003,7.15,0.55,0.5,8.2,-2.7499999999999964,❌
597,5970,$4.39,$4.41,4.4,0.019999999999999574,$48.55,$48.95,48.75,0.4000000000000057,44.0,4.75,10.795454545454545,"Sell 1 SPX, Buy 10 SPY",4.449999999999996,7.15,0.55,0.5,8.2,-3.7500000000000036,❌
599,5990,$2.79,$2.81,2.8,0.019999999999999574,$31.55,$31.95,31.75,0.3999999999999986,28.0,3.75,13.392857142857142,"Sell 1 SPX, Buy 10 SPY",3.4500000000000064,7.15,0.55,0.5,8.2,-4.749999999999993,❌
600,6000,$2.99,$3.01,3.0,0.019999999999999574,$23.05,$23.45,23.25,0.3999999999999986,30.0,-6.75,-22.5,"Buy 1 SPX, Sell 10 SPY",6.450000000000003,7.15,0.55,0.5,8.2,-1.7499999999999964,❌
601,6010,$2.69,$2.71,2.7,0.019999999999999574,$29.12,$29.52,29.325,0.3999999999999986,27.0,2.3249999999999993,8.611111111111109,"Sell 1 SPX, Buy 10 SPY",2.0249999999999986,7.15,0.55,0.5,8.2,-6.175000000000001,❌
603,6030,$2.09,$2.11,2.1,0.019999999999999574,$24.03,$24.43,24.225,0.3999999999999986,21.0,3.2250000000000014,15.357142857142863,"Sell 1 SPX, Buy 10 SPY",2.9250000000000043,7.15,0.55,0.5,8.2,-5.274999999999995,❌
605,6050,$1.49,$1.51,1.5,0.020000000000000018,$18.93,$19.32,19.125,0.3999999999999986,15.0,4.125,27.500000000000004,"Sell 1 SPX, Buy 10 SPY",3.825000000000001,7.15,0.55,0.5,8.2,-4.374999999999998,❌
